sample	rep	fastq_r1	fastq_r2
yw_24h_Wing_CnR_K27me3_Pel	rep1	/proj/mckaylab/HTSF/191205_UNC41-A00434_0074_AHGW5JDRXX/CMU08_13-yw_24h_Wing_CnR_27me3_Pel_Rep1_CCAAGTCT-AAGGATGA_S4_L001_R1_001.fastq.gz	/proj/mckaylab/HTSF/191205_UNC41-A00434_0074_AHGW5JDRXX/CMU08_13-yw_24h_Wing_CnR_27me3_Pel_Rep1_CCAAGTCT-AAGGATGA_S4_L001_R2_001.fastq.gz
yw_24h_Wing_CnR_K27me3_Pel	rep1	/proj/mckaylab/HTSF/191205_UNC41-A00434_0074_AHGW5JDRXX/CMU08_13-yw_24h_Wing_CnR_27me3_Pel_Rep1_CCAAGTCT-AAGGATGA_S4_L002_R1_001.fastq.gz	/proj/mckaylab/HTSF/191205_UNC41-A00434_0074_AHGW5JDRXX/CMU08_13-yw_24h_Wing_CnR_27me3_Pel_Rep1_CCAAGTCT-AAGGATGA_S4_L002_R2_001.fastq.gz
yw_24h_Wing_CnR_K27me3_Pel	rep2	/proj/mckaylab/HTSF/191205_UNC41-A00434_0074_AHGW5JDRXX/CMU08_15-yw_24h_Wing_CnR_27me3_Pel_Rep2_GGCTTAAG-TCGTGACC_S5_L001_R1_001.fastq.gz	/proj/mckaylab/HTSF/191205_UNC41-A00434_0074_AHGW5JDRXX/CMU08_15-yw_24h_Wing_CnR_27me3_Pel_Rep2_GGCTTAAG-TCGTGACC_S5_L001_R2_001.fastq.gz
yw_24h_Wing_CnR_K27me3_Pel	rep2	/proj/mckaylab/HTSF/191205_UNC41-A00434_0074_AHGW5JDRXX/CMU08_15-yw_24h_Wing_CnR_27me3_Pel_Rep2_GGCTTAAG-TCGTGACC_S5_L002_R1_001.fastq.gz	/proj/mckaylab/HTSF/191205_UNC41-A00434_0074_AHGW5JDRXX/CMU08_15-yw_24h_Wing_CnR_27me3_Pel_Rep2_GGCTTAAG-TCGTGACC_S5_L002_R2_001.fastq.gz
yw_24h_Wing_CnR_K27me3_Sup	rep1	/proj/mckaylab/HTSF/191205_UNC41-A00434_0074_AHGW5JDRXX/CMU08_11-yw_24h_Wing_CnR_27me3_Sup_Rep1_TCTCTACT-CGCGGTTC_S2_L001_R1_001.fastq.gz	/proj/mckaylab/HTSF/191205_UNC41-A00434_0074_AHGW5JDRXX/CMU08_11-yw_24h_Wing_CnR_27me3_Sup_Rep1_TCTCTACT-CGCGGTTC_S2_L001_R2_001.fastq.gz
yw_24h_Wing_CnR_K27me3_Sup	rep1	/proj/mckaylab/HTSF/191205_UNC41-A00434_0074_AHGW5JDRXX/CMU08_11-yw_24h_Wing_CnR_27me3_Sup_Rep1_TCTCTACT-CGCGGTTC_S2_L002_R1_001.fastq.gz	/proj/mckaylab/HTSF/191205_UNC41-A00434_0074_AHGW5JDRXX/CMU08_11-yw_24h_Wing_CnR_27me3_Sup_Rep1_TCTCTACT-CGCGGTTC_S2_L002_R2_001.fastq.gz
yw_24h_Wing_CnR_K27me3_Sup	rep2	/proj/mckaylab/HTSF/191205_UNC41-A00434_0074_AHGW5JDRXX/CMU08_12-yw_24h_Wing_CnR_27me3_Sup_Rep2_CTCTCGTC-TATAACCT_S3_L001_R1_001.fastq.gz	/proj/mckaylab/HTSF/191205_UNC41-A00434_0074_AHGW5JDRXX/CMU08_12-yw_24h_Wing_CnR_27me3_Sup_Rep2_CTCTCGTC-TATAACCT_S3_L001_R2_001.fastq.gz
yw_24h_Wing_CnR_K27me3_Sup	rep2	/proj/mckaylab/HTSF/191205_UNC41-A00434_0074_AHGW5JDRXX/CMU08_12-yw_24h_Wing_CnR_27me3_Sup_Rep2_CTCTCGTC-TATAACCT_S3_L002_R1_001.fastq.gz	/proj/mckaylab/HTSF/191205_UNC41-A00434_0074_AHGW5JDRXX/CMU08_12-yw_24h_Wing_CnR_27me3_Sup_Rep2_CTCTCGTC-TATAACCT_S3_L002_R2_001.fastq.gz
yw_3LW_Wing_CnR_K27me3_Pel	rep1	/proj/mckaylab/HTSF/181004_UNC22_0498_000000000-C4PTN/SLN03_2-yw-male-antiH3K27me3-CnR-Pel-rep1_CGATGTTT_S4_L001_R1_001.fastq.gz	/proj/mckaylab/HTSF/181004_UNC22_0498_000000000-C4PTN/SLN03_2-yw-male-antiH3K27me3-CnR-Pel-rep1_CGATGTTT_S4_L001_R2_001.fastq.gz
yw_3LW_Wing_CnR_K27me3_Pel	rep2	/proj/mckaylab/HTSF/190312_UNC41-A00434_0026_AH7FF3DRXX/SLN05_28-yw-aH3K27me3-Rep2-Pel_CCGTGAAG-CAGTGGAT_S28_L001_R1_001.fastq.gz	/proj/mckaylab/HTSF/190312_UNC41-A00434_0026_AH7FF3DRXX/SLN05_28-yw-aH3K27me3-Rep2-Pel_CCGTGAAG-CAGTGGAT_S28_L001_R2_001.fastq.gz
yw_3LW_Wing_CnR_K27me3_Sup	rep1	/proj/mckaylab/HTSF/181004_UNC22_0498_000000000-C4PTN/SLN03_1-yw-male-antiH3K27me3-CnR-Sup-rep1_ATCACGTT_S1_L001_R1_001.fastq.gz	/proj/mckaylab/HTSF/181004_UNC22_0498_000000000-C4PTN/SLN03_1-yw-male-antiH3K27me3-CnR-Sup-rep1_ATCACGTT_S1_L001_R2_001.fastq.gz
